name,description,icon_color,long,lat,pic_url,thumb_url
Basantapur temple ,"
         <div>
           <a href=""http://asign.cern.ch/display/file/c10da3ebde381955a59768eb72b6beb7/preview97865.jpg"" target=""blank""><img src='http://asign.cern.ch/display/file/c10da3ebde381955a59768eb72b6beb7/preview97865.jpg' width='200' alt='' /></a>
           <br/>
           <a href=""http://asign.cern.ch/signs/display/a60f7f4ae05778d4ed9e4a5812d89d2d"" target=""blank"">View preview and zoomed in areas</a>
           <br/>
           <br/>
           Caption: Basantapur temple 
           <br/>
           <br/>
           From: keshab@keshab.com
           <br/>
           Date: 27°42?13?N 85°18?25?E
           <br/>
           Location: 2015-05-07 10:13:04
           <br/>
           <br/>
           Did you take this photo? Login to zoom in, tag or share this photo
           <br/>
           <a href=""http://asign.cern.ch/signs/processing/18352"" target=""blank"">Go to ASIGN Online</a>
           <br/>
           <br/>
	   Help us by downloading the App and contributing  photos. 
           <br/>
	   <a href=""https://unosatgis.cern.ch/WebMap/assets/CrowdSource/help_us.html"">Get the app</a>
           <br/>
           <br/>
         </div>
        ",R,85.30708264,27.7036978,http://asign.cern.ch/display/file/c10da3ebde381955a59768eb72b6beb7/preview97865.jpg,http://asign.cern.ch/display/file/c10da3ebde381955a59768eb72b6beb7/preview97865.jpg
Uploaded with ASIGN from AnsuR,"
         <div>
           <a href=""http://asign.cern.ch/display/file/90186358d6dcb7eae5c0cebcd706752e/preview.jpg"" target=""blank""><img src='http://asign.cern.ch/display/file/90186358d6dcb7eae5c0cebcd706752e/preview.jpg' width='200' alt='' /></a>
           <br/>
           <a href=""http://asign.cern.ch/signs/display/c30307f3a26a9232c2366c07787754eb"" target=""blank"">View preview and zoomed in areas</a>
           <br/>
           <br/>
           Caption: Uploaded with ASIGN from AnsuR
           <br/>
           <br/>
           From: nishajyoti@hotmail.com
           <br/>
           Date: 27°58?25?N 84°38?22?E
           <br/>
           Location: 2015-05-06 12:24:39
           <br/>
           <br/>
           Did you take this photo? Login to zoom in, tag or share this photo
           <br/>
           <a href=""http://asign.cern.ch/signs/processing/18322"" target=""blank"">Go to ASIGN Online</a>
           <br/>
           <br/>
	   Help us by downloading the App and contributing  photos. 
           <br/>
	   <a href=""https://unosatgis.cern.ch/WebMap/assets/CrowdSource/help_us.html"">Get the app</a>
           <br/>
           <br/>
         </div>
        ",R,84.63946977,27.97361458,http://asign.cern.ch/display/file/90186358d6dcb7eae5c0cebcd706752e/preview.jpg,http://asign.cern.ch/display/file/90186358d6dcb7eae5c0cebcd706752e/preview.jpg
Uploaded with ASIGN from AnsuR,"
         <div>
           <a href=""http://asign.cern.ch/display/file/5fd43a62ae10f96edc1e057ec450824b/preview.jpg"" target=""blank""><img src='http://asign.cern.ch/display/file/5fd43a62ae10f96edc1e057ec450824b/preview.jpg' width='200' alt='' /></a>
           <br/>
           <a href=""http://asign.cern.ch/signs/display/c6057f3c70c935b5da981515ec9f6ba6"" target=""blank"">View preview and zoomed in areas</a>
           <br/>
           <br/>
           Caption: Uploaded with ASIGN from AnsuR
           <br/>
           <br/>
           From: nishajyoti@hotmail.com
           <br/>
           Date: 27°58?13?N 84°35?34?E
           <br/>
           Location: 2015-05-06 10:43:01
           <br/>
           <br/>
           Did you take this photo? Login to zoom in, tag or share this photo
           <br/>
           <a href=""http://asign.cern.ch/signs/processing/18317"" target=""blank"">Go to ASIGN Online</a>
           <br/>
           <br/>
	   Help us by downloading the App and contributing  photos. 
           <br/>
	   <a href=""https://unosatgis.cern.ch/WebMap/assets/CrowdSource/help_us.html"">Get the app</a>
           <br/>
           <br/>
         </div>
        ",R,84.59279173,27.97052637,http://asign.cern.ch/display/file/5fd43a62ae10f96edc1e057ec450824b/preview.jpg,http://asign.cern.ch/display/file/5fd43a62ae10f96edc1e057ec450824b/preview.jpg
Uploaded with ASIGN from AnsuR,"
         <div>
           <a href=""http://asign.cern.ch/display/file/f2a3805c4f40e827ea4cbbb87da39406/preview.jpg"" target=""blank""><img src='http://asign.cern.ch/display/file/f2a3805c4f40e827ea4cbbb87da39406/preview.jpg' width='200' alt='' /></a>
           <br/>
           <a href=""http://asign.cern.ch/signs/display/d01f6e6869ce2618d3155dd8e7b644f8"" target=""blank"">View preview and zoomed in areas</a>
           <br/>
           <br/>
           Caption: Uploaded with ASIGN from AnsuR
           <br/>
           <br/>
           From: nishajyoti@hotmail.com
           <br/>
           Date: 27°40?28?N 85°19?31?E
           <br/>
           Location: 2015-05-05 18:32:47
           <br/>
           <br/>
           Did you take this photo? Login to zoom in, tag or share this photo
           <br/>
           <a href=""http://asign.cern.ch/signs/processing/18303"" target=""blank"">Go to ASIGN Online</a>
           <br/>
           <br/>
	   Help us by downloading the App and contributing  photos. 
           <br/>
	   <a href=""https://unosatgis.cern.ch/WebMap/assets/CrowdSource/help_us.html"">Get the app</a>
           <br/>
           <br/>
         </div>
        ",R,85.32553045,27.67462885,http://asign.cern.ch/display/file/f2a3805c4f40e827ea4cbbb87da39406/preview.jpg,http://asign.cern.ch/display/file/f2a3805c4f40e827ea4cbbb87da39406/preview.jpg
Uploaded with ASIGN from AnsuR,"
         <div>
           <a href=""http://asign.cern.ch/display/file/2f86560b32c3dc23be7458d5073a6832/preview.jpg"" target=""blank""><img src='http://asign.cern.ch/display/file/2f86560b32c3dc23be7458d5073a6832/preview.jpg' width='200' alt='' /></a>
           <br/>
           <a href=""http://asign.cern.ch/signs/display/6216a77514e4a17fed12d0ebc18b14ce"" target=""blank"">View preview and zoomed in areas</a>
           <br/>
           <br/>
           Caption: Uploaded with ASIGN from AnsuR
           <br/>
           <br/>
           From: nishajyoti@hotmail.com
           <br/>
           Date: 27°58?19?N 84°38?20?E
           <br/>
           Location: 2015-05-06 12:31:41
           <br/>
           <br/>
           Did you take this photo? Login to zoom in, tag or share this photo
           <br/>
           <a href=""http://asign.cern.ch/signs/processing/18289"" target=""blank"">Go to ASIGN Online</a>
           <br/>
           <br/>
	   Help us by downloading the App and contributing  photos. 
           <br/>
	   <a href=""https://unosatgis.cern.ch/WebMap/assets/CrowdSource/help_us.html"">Get the app</a>
           <br/>
           <br/>
         </div>
        ",R,84.63894898,27.97200919,http://asign.cern.ch/display/file/2f86560b32c3dc23be7458d5073a6832/preview.jpg,http://asign.cern.ch/display/file/2f86560b32c3dc23be7458d5073a6832/preview.jpg
Old baneshwor 7 floors house ,"
         <div>
           <a href=""http://asign.cern.ch/display/file/f98fb45b6291d7d1a4beec865f61d380/preview37528.jpg"" target=""blank""><img src='http://asign.cern.ch/display/file/f98fb45b6291d7d1a4beec865f61d380/preview37528.jpg' width='200' alt='' /></a>
           <br/>
           <a href=""http://asign.cern.ch/signs/display/99e59536012e1396b9aebf36e044ad33"" target=""blank"">View preview and zoomed in areas</a>
           <br/>
           <br/>
           Caption: Old baneshwor 7 floors house 
           <br/>
           <br/>
           From: keshab@keshab.com
           <br/>
           Date: 27°42?2?N 85°20?24?E
           <br/>
           Location: 2015-05-06 07:05:19
           <br/>
           <br/>
           Did you take this photo? Login to zoom in, tag or share this photo
           <br/>
           <a href=""http://asign.cern.ch/signs/processing/18280"" target=""blank"">Go to ASIGN Online</a>
           <br/>
           <br/>
	   Help us by downloading the App and contributing  photos. 
           <br/>
	   <a href=""https://unosatgis.cern.ch/WebMap/assets/CrowdSource/help_us.html"">Get the app</a>
           <br/>
           <br/>
         </div>
        ",R,85.34014296,27.70069863,http://asign.cern.ch/display/file/f98fb45b6291d7d1a4beec865f61d380/preview37528.jpg,http://asign.cern.ch/display/file/f98fb45b6291d7d1a4beec865f61d380/preview37528.jpg
Dillibazar pipalbot chowk house ,"
         <div>
           <a href=""http://asign.cern.ch/display/file/3a70958d5e19faa9f887300dcb63a81e/preview37421.jpg"" target=""blank""><img src='http://asign.cern.ch/display/file/3a70958d5e19faa9f887300dcb63a81e/preview37421.jpg' width='200' alt='' /></a>
           <br/>
           <a href=""http://asign.cern.ch/signs/display/45850bcef5f418b24e52565543bbc758"" target=""blank"">View preview and zoomed in areas</a>
           <br/>
           <br/>
           Caption: Dillibazar pipalbot chowk house 
           <br/>
           <br/>
           From: keshab@keshab.com
           <br/>
           Date: 27°42?17?N 85°19?46?E
           <br/>
           Location: 2015-05-06 07:15:33
           <br/>
           <br/>
           Did you take this photo? Login to zoom in, tag or share this photo
           <br/>
           <a href=""http://asign.cern.ch/signs/processing/18278"" target=""blank"">Go to ASIGN Online</a>
           <br/>
           <br/>
	   Help us by downloading the App and contributing  photos. 
           <br/>
	   <a href=""https://unosatgis.cern.ch/WebMap/assets/CrowdSource/help_us.html"">Get the app</a>
           <br/>
           <br/>
         </div>
        ",R,85.32953348,27.70494578,http://asign.cern.ch/display/file/3a70958d5e19faa9f887300dcb63a81e/preview37421.jpg,http://asign.cern.ch/display/file/3a70958d5e19faa9f887300dcb63a81e/preview37421.jpg
Opposite of bhakatapur Darbar house ,"
         <div>
           <a href=""http://asign.cern.ch/display/file/2fa1ea68bc3c609a5224332b3535ba52/preview48645_rotated_90_degrees_cw.jpg"" target=""blank""><img src='http://asign.cern.ch/display/file/2fa1ea68bc3c609a5224332b3535ba52/preview48645_rotated_90_degrees_cw.jpg' width='200' alt='' /></a>
           <br/>
           <a href=""http://asign.cern.ch/signs/display/01d4c5cc132b5b5c79194625d3beb012"" target=""blank"">View preview and zoomed in areas</a>
           <br/>
           <br/>
           Caption: Opposite of bhakatapur Darbar house 
           <br/>
           <br/>
           From: keshab@keshab.com
           <br/>
           Date: 27°40?18?N 85°25?41?E
           <br/>
           Location: 2015-05-05 07:58:50
           <br/>
           <br/>
           Did you take this photo? Login to zoom in, tag or share this photo
           <br/>
           <a href=""http://asign.cern.ch/signs/processing/18239"" target=""blank"">Go to ASIGN Online</a>
           <br/>
           <br/>
	   Help us by downloading the App and contributing  photos. 
           <br/>
	   <a href=""https://unosatgis.cern.ch/WebMap/assets/CrowdSource/help_us.html"">Get the app</a>
           <br/>
           <br/>
         </div>
        ",R,85.42826878,27.67172507,http://asign.cern.ch/display/file/2fa1ea68bc3c609a5224332b3535ba52/preview48645_rotated_90_degrees_cw.jpg,http://asign.cern.ch/display/file/2fa1ea68bc3c609a5224332b3535ba52/preview48645_rotated_90_degrees_cw.jpg
Bhakatur bazar house ,"
         <div>
           <a href=""http://asign.cern.ch/display/file/2153bd56383797a452b16d3a3e8f1dca/preview3556_rotated_90_degrees_cw.jpg"" target=""blank""><img src='http://asign.cern.ch/display/file/2153bd56383797a452b16d3a3e8f1dca/preview3556_rotated_90_degrees_cw.jpg' width='200' alt='' /></a>
           <br/>
           <a href=""http://asign.cern.ch/signs/display/a6510c9fdacf999e0aa7e88793993596"" target=""blank"">View preview and zoomed in areas</a>
           <br/>
           <br/>
           Caption: Bhakatur bazar house 
           <br/>
           <br/>
           From: keshab@keshab.com
           <br/>
           Date: 27°40?16?N 85°25?44?E
           <br/>
           Location: 2015-05-05 07:53:21
           <br/>
           <br/>
           Did you take this photo? Login to zoom in, tag or share this photo
           <br/>
           <a href=""http://asign.cern.ch/signs/processing/18241"" target=""blank"">Go to ASIGN Online</a>
           <br/>
           <br/>
	   Help us by downloading the App and contributing  photos. 
           <br/>
	   <a href=""https://unosatgis.cern.ch/WebMap/assets/CrowdSource/help_us.html"">Get the app</a>
           <br/>
           <br/>
         </div>
        ",R,85.42907646,27.67111253,http://asign.cern.ch/display/file/2153bd56383797a452b16d3a3e8f1dca/preview3556_rotated_90_degrees_cw.jpg,http://asign.cern.ch/display/file/2153bd56383797a452b16d3a3e8f1dca/preview3556_rotated_90_degrees_cw.jpg
Bhakarapur tample ,"
         <div>
           <a href=""http://asign.cern.ch/display/file/7aefb59d245b20ec3661aa9109782b52/preview18342.jpg"" target=""blank""><img src='http://asign.cern.ch/display/file/7aefb59d245b20ec3661aa9109782b52/preview18342.jpg' width='200' alt='' /></a>
           <br/>
           <a href=""http://asign.cern.ch/signs/display/2d3ae1e0051a9c66880e62ed3d346b2f"" target=""blank"">View preview and zoomed in areas</a>
           <br/>
           <br/>
           Caption: Bhakarapur tample 
           <br/>
           <br/>
           From: keshab@keshab.com
           <br/>
           Date: 27°40?19?N 85°25?44?E
           <br/>
           Location: 2015-05-05 07:50:12
           <br/>
           <br/>
           Did you take this photo? Login to zoom in, tag or share this photo
           <br/>
           <a href=""http://asign.cern.ch/signs/processing/18242"" target=""blank"">Go to ASIGN Online</a>
           <br/>
           <br/>
	   Help us by downloading the App and contributing  photos. 
           <br/>
	   <a href=""https://unosatgis.cern.ch/WebMap/assets/CrowdSource/help_us.html"">Get the app</a>
           <br/>
           <br/>
         </div>
        ",R,85.429055,27.67217682,http://asign.cern.ch/display/file/7aefb59d245b20ec3661aa9109782b52/preview18342.jpg,http://asign.cern.ch/display/file/7aefb59d245b20ec3661aa9109782b52/preview18342.jpg
Basantapur ,"
         <div>
           <a href=""http://asign.cern.ch/display/file/f7a7bfc926ff0877ae2b6d8fd50efa4d/preview45423_rotated_90_degrees_cw.jpg"" target=""blank""><img src='http://asign.cern.ch/display/file/f7a7bfc926ff0877ae2b6d8fd50efa4d/preview45423_rotated_90_degrees_cw.jpg' width='200' alt='' /></a>
           <br/>
           <a href=""http://asign.cern.ch/signs/display/bc9cf22d7e68075c263b9cc47805b6fd"" target=""blank"">View preview and zoomed in areas</a>
           <br/>
           <br/>
           Caption: Basantapur 
           <br/>
           <br/>
           From: shuvi@outlook.com
           <br/>
           Date: 27°42?17?N 85°18?21?E
           <br/>
           Location: 2015-05-05 02:45:14
           <br/>
           <br/>
           Did you take this photo? Login to zoom in, tag or share this photo
           <br/>
           <a href=""http://asign.cern.ch/signs/processing/18231"" target=""blank"">Go to ASIGN Online</a>
           <br/>
           <br/>
	   Help us by downloading the App and contributing  photos. 
           <br/>
	   <a href=""https://unosatgis.cern.ch/WebMap/assets/CrowdSource/help_us.html"">Get the app</a>
           <br/>
           <br/>
         </div>
        ",R,85.30609455,27.70476199,http://asign.cern.ch/display/file/f7a7bfc926ff0877ae2b6d8fd50efa4d/preview45423_rotated_90_degrees_cw.jpg,http://asign.cern.ch/display/file/f7a7bfc926ff0877ae2b6d8fd50efa4d/preview45423_rotated_90_degrees_cw.jpg
"Machapokhari, balaju","
         <div>
           <a href=""http://asign.cern.ch/display/file/2506c5d9f09329bb0e8919426ed178e0/preview6280_rotated_90_degrees_cw.jpg"" target=""blank""><img src='http://asign.cern.ch/display/file/2506c5d9f09329bb0e8919426ed178e0/preview6280_rotated_90_degrees_cw.jpg' width='200' alt='' /></a>
           <br/>
           <a href=""http://asign.cern.ch/signs/display/bb5bb14bfda16f5bb3e8566d26cce2f8"" target=""blank"">View preview and zoomed in areas</a>
           <br/>
           <br/>
           Caption: Machapokhari, balaju
           <br/>
           <br/>
           From: kunwarbikky@gmail.com
           <br/>
           Date: 27°44?5?N 85°18?19?E
           <br/>
           Location: 2015-05-02 04:35:00
           <br/>
           <br/>
           Did you take this photo? Login to zoom in, tag or share this photo
           <br/>
           <a href=""http://asign.cern.ch/signs/processing/18103"" target=""blank"">Go to ASIGN Online</a>
           <br/>
           <br/>
	   Help us by downloading the App and contributing  photos. 
           <br/>
	   <a href=""https://unosatgis.cern.ch/WebMap/assets/CrowdSource/help_us.html"">Get the app</a>
           <br/>
           <br/>
         </div>
        ",R,85.3055003,27.7348732,http://asign.cern.ch/display/file/2506c5d9f09329bb0e8919426ed178e0/preview6280_rotated_90_degrees_cw.jpg,http://asign.cern.ch/display/file/2506c5d9f09329bb0e8919426ed178e0/preview6280_rotated_90_degrees_cw.jpg
"Machapokhari, balaju","
         <div>
           <a href=""http://asign.cern.ch/display/file/43f1f98f89b5f6100ce8bfa517dd726a/preview22700_rotated_90_degrees_cw.jpg"" target=""blank""><img src='http://asign.cern.ch/display/file/43f1f98f89b5f6100ce8bfa517dd726a/preview22700_rotated_90_degrees_cw.jpg' width='200' alt='' /></a>
           <br/>
           <a href=""http://asign.cern.ch/signs/display/96a57ac976e84f0b40e9e81eac485b0d"" target=""blank"">View preview and zoomed in areas</a>
           <br/>
           <br/>
           Caption: Machapokhari, balaju
           <br/>
           <br/>
           From: kunwarbikky@gmail.com
           <br/>
           Date: 27°44?5?N 85°18?19?E
           <br/>
           Location: 2015-05-02 04:35:06
           <br/>
           <br/>
           Did you take this photo? Login to zoom in, tag or share this photo
           <br/>
           <a href=""http://asign.cern.ch/signs/processing/18104"" target=""blank"">Go to ASIGN Online</a>
           <br/>
           <br/>
	   Help us by downloading the App and contributing  photos. 
           <br/>
	   <a href=""https://unosatgis.cern.ch/WebMap/assets/CrowdSource/help_us.html"">Get the app</a>
           <br/>
           <br/>
         </div>
        ",R,85.30549846,27.73486821,http://asign.cern.ch/display/file/43f1f98f89b5f6100ce8bfa517dd726a/preview22700_rotated_90_degrees_cw.jpg,http://asign.cern.ch/display/file/43f1f98f89b5f6100ce8bfa517dd726a/preview22700_rotated_90_degrees_cw.jpg
Bunga,"
         <div>
           <a href=""http://asign.cern.ch/display/file/e3294d0b3934b5fb50476e1e5f93cce7/preview74668_rotated_90_degrees_cw.jpg"" target=""blank""><img src='http://asign.cern.ch/display/file/e3294d0b3934b5fb50476e1e5f93cce7/preview74668_rotated_90_degrees_cw.jpg' width='200' alt='' /></a>
           <br/>
           <a href=""http://asign.cern.ch/signs/display/fff668806ddf057140c528831e6f0e5b"" target=""blank"">View preview and zoomed in areas</a>
           <br/>
           <br/>
           Caption: Bunga
           <br/>
           <br/>
           From: sucilrana@gmail.com
           <br/>
           Date: 27°37?46?N 85°18?6?E
           <br/>
           Location: 2015-05-01 13:35:03
           <br/>
           <br/>
           Did you take this photo? Login to zoom in, tag or share this photo
           <br/>
           <a href=""http://asign.cern.ch/signs/processing/18182"" target=""blank"">Go to ASIGN Online</a>
           <br/>
           <br/>
	   Help us by downloading the App and contributing  photos. 
           <br/>
	   <a href=""https://unosatgis.cern.ch/WebMap/assets/CrowdSource/help_us.html"">Get the app</a>
           <br/>
           <br/>
         </div>
        ",R,85.301911,27.62970986,http://asign.cern.ch/display/file/e3294d0b3934b5fb50476e1e5f93cce7/preview74668_rotated_90_degrees_cw.jpg,http://asign.cern.ch/display/file/e3294d0b3934b5fb50476e1e5f93cce7/preview74668_rotated_90_degrees_cw.jpg
Chundevi,"
         <div>
           <a href=""http://asign.cern.ch/display/file/ac22ed3ea5d889857d0d811cafcfa8e4/preview10576.jpg"" target=""blank""><img src='http://asign.cern.ch/display/file/ac22ed3ea5d889857d0d811cafcfa8e4/preview10576.jpg' width='200' alt='' /></a>
           <br/>
           <a href=""http://asign.cern.ch/signs/display/e2d96e9e554eed0bc8383ea3ab076290"" target=""blank"">View preview and zoomed in areas</a>
           <br/>
           <br/>
           Caption: Chundevi
           <br/>
           <br/>
           From: govindabasnet112233@gmail.com
           <br/>
           Date: 27°44?11?N 85°20?14?E
           <br/>
           Location: 2015-05-03 10:58:06
           <br/>
           <br/>
           Did you take this photo? Login to zoom in, tag or share this photo
           <br/>
           <a href=""http://asign.cern.ch/signs/processing/18221"" target=""blank"">Go to ASIGN Online</a>
           <br/>
           <br/>
	   Help us by downloading the App and contributing  photos. 
           <br/>
	   <a href=""https://unosatgis.cern.ch/WebMap/assets/CrowdSource/help_us.html"">Get the app</a>
           <br/>
           <br/>
         </div>
        ",R,85.33749545,27.7366267,http://asign.cern.ch/display/file/ac22ed3ea5d889857d0d811cafcfa8e4/preview10576.jpg,http://asign.cern.ch/display/file/ac22ed3ea5d889857d0d811cafcfa8e4/preview10576.jpg
Uploaded with ASIGN from AnsuR,"
         <div>
           <a href=""http://asign.cern.ch/display/file/9191d2016e134a2b1b25dcd2a3731bda/preview.jpg"" target=""blank""><img src='http://asign.cern.ch/display/file/9191d2016e134a2b1b25dcd2a3731bda/preview.jpg' width='200' alt='' /></a>
           <br/>
           <a href=""http://asign.cern.ch/signs/display/59aef7287c4a010172cf84b536428801"" target=""blank"">View preview and zoomed in areas</a>
           <br/>
           <br/>
           Caption: Uploaded with ASIGN from AnsuR
           <br/>
           <br/>
           From: nishajyoti@hotmail.com
           <br/>
           Date: 27°41?12?N 85°17?53?E
           <br/>
           Location: 2015-05-02 10:48:25
           <br/>
           <br/>
           Did you take this photo? Login to zoom in, tag or share this photo
           <br/>
           <a href=""http://asign.cern.ch/signs/processing/18186"" target=""blank"">Go to ASIGN Online</a>
           <br/>
           <br/>
	   Help us by downloading the App and contributing  photos. 
           <br/>
	   <a href=""https://unosatgis.cern.ch/WebMap/assets/CrowdSource/help_us.html"">Get the app</a>
           <br/>
           <br/>
         </div>
        ",R,85.29810033,27.68688274,http://asign.cern.ch/display/file/9191d2016e134a2b1b25dcd2a3731bda/preview.jpg,http://asign.cern.ch/display/file/9191d2016e134a2b1b25dcd2a3731bda/preview.jpg
"Machapokhari, balaju","
         <div>
           <a href=""http://asign.cern.ch/display/file/f4bc15fa4734d9084a95f57d2384303e/preview80557.jpg"" target=""blank""><img src='http://asign.cern.ch/display/file/f4bc15fa4734d9084a95f57d2384303e/preview80557.jpg' width='200' alt='' /></a>
           <br/>
           <a href=""http://asign.cern.ch/signs/display/2fadb21f5494860ed0275ce528d9a170"" target=""blank"">View preview and zoomed in areas</a>
           <br/>
           <br/>
           Caption: Machapokhari, balaju
           <br/>
           <br/>
           From: kunwarbikky@gmail.com
           <br/>
           Date: 27°44?5?N 85°18?19?E
           <br/>
           Location: 2015-05-02 04:34:24
           <br/>
           <br/>
           Did you take this photo? Login to zoom in, tag or share this photo
           <br/>
           <a href=""http://asign.cern.ch/signs/processing/18100"" target=""blank"">Go to ASIGN Online</a>
           <br/>
           <br/>
	   Help us by downloading the App and contributing  photos. 
           <br/>
	   <a href=""https://unosatgis.cern.ch/WebMap/assets/CrowdSource/help_us.html"">Get the app</a>
           <br/>
           <br/>
         </div>
        ",R,85.3055003,27.7348732,http://asign.cern.ch/display/file/f4bc15fa4734d9084a95f57d2384303e/preview80557.jpg,http://asign.cern.ch/display/file/f4bc15fa4734d9084a95f57d2384303e/preview80557.jpg
"Dharahara, Sundhara, Kathmandu","
         <div>
           <a href=""http://asign.cern.ch/display/file/a359410200bd330ee8ff55f597c0d54f/preview91260_rotated_90_degrees_cw.jpg"" target=""blank""><img src='http://asign.cern.ch/display/file/a359410200bd330ee8ff55f597c0d54f/preview91260_rotated_90_degrees_cw.jpg' width='200' alt='' /></a>
           <br/>
           <a href=""http://asign.cern.ch/signs/display/3d190975e3fc2202ee46670f1c9fa88f"" target=""blank"">View preview and zoomed in areas</a>
           <br/>
           <br/>
           Caption: Dharahara, Sundhara, Kathmandu
           <br/>
           <br/>
           From: surraj@live.com
           <br/>
           Date: 27°42?1?N 85°18?41?E
           <br/>
           Location: 2015-04-30 13:00:18
           <br/>
           <br/>
           Did you take this photo? Login to zoom in, tag or share this photo
           <br/>
           <a href=""http://asign.cern.ch/signs/processing/18030"" target=""blank"">Go to ASIGN Online</a>
           <br/>
           <br/>
	   Help us by downloading the App and contributing  photos. 
           <br/>
	   <a href=""https://unosatgis.cern.ch/WebMap/assets/CrowdSource/help_us.html"">Get the app</a>
           <br/>
           <br/>
         </div>
        ",R,85.31140493,27.70052487,http://asign.cern.ch/display/file/a359410200bd330ee8ff55f597c0d54f/preview91260_rotated_90_degrees_cw.jpg,http://asign.cern.ch/display/file/a359410200bd330ee8ff55f597c0d54f/preview91260_rotated_90_degrees_cw.jpg
"Tribhuwan Statue, Tripureshwor, Kathmandu","
         <div>
           <a href=""http://asign.cern.ch/display/file/318d497164f5b7dcbd5775589f45ae89/preview3127_rotated_90_degrees_cw.jpg"" target=""blank""><img src='http://asign.cern.ch/display/file/318d497164f5b7dcbd5775589f45ae89/preview3127_rotated_90_degrees_cw.jpg' width='200' alt='' /></a>
           <br/>
           <a href=""http://asign.cern.ch/signs/display/cb795d8268954d971f9dff7e881672bb"" target=""blank"">View preview and zoomed in areas</a>
           <br/>
           <br/>
           Caption: Tribhuwan Statue, Tripureshwor, Kathmandu
           <br/>
           <br/>
           From: surraj@live.com
           <br/>
           Date: 27°41?38?N 85°18?51?E
           <br/>
           Location: 2015-04-30 12:51:46
           <br/>
           <br/>
           Did you take this photo? Login to zoom in, tag or share this photo
           <br/>
           <a href=""http://asign.cern.ch/signs/processing/18027"" target=""blank"">Go to ASIGN Online</a>
           <br/>
           <br/>
	   Help us by downloading the App and contributing  photos. 
           <br/>
	   <a href=""https://unosatgis.cern.ch/WebMap/assets/CrowdSource/help_us.html"">Get the app</a>
           <br/>
           <br/>
         </div>
        ",R,85.314422,27.69411016,http://asign.cern.ch/display/file/318d497164f5b7dcbd5775589f45ae89/preview3127_rotated_90_degrees_cw.jpg,http://asign.cern.ch/display/file/318d497164f5b7dcbd5775589f45ae89/preview3127_rotated_90_degrees_cw.jpg
"Teku, Kathmandu","
         <div>
           <a href=""http://asign.cern.ch/display/file/775947ec3930f2006ea778547f1c8148/preview14225_rotated_90_degrees_cw.jpg"" target=""blank""><img src='http://asign.cern.ch/display/file/775947ec3930f2006ea778547f1c8148/preview14225_rotated_90_degrees_cw.jpg' width='200' alt='' /></a>
           <br/>
           <a href=""http://asign.cern.ch/signs/display/57d6e7270ee32332aadc4b9bccb72110"" target=""blank"">View preview and zoomed in areas</a>
           <br/>
           <br/>
           Caption: Teku, Kathmandu
           <br/>
           <br/>
           From: surraj@live.com
           <br/>
           Date: 27°41?43?N 85°18?33?E
           <br/>
           Location: 2015-04-30 12:55:11
           <br/>
           <br/>
           Did you take this photo? Login to zoom in, tag or share this photo
           <br/>
           <a href=""http://asign.cern.ch/signs/processing/18025"" target=""blank"">Go to ASIGN Online</a>
           <br/>
           <br/>
	   Help us by downloading the App and contributing  photos. 
           <br/>
	   <a href=""https://unosatgis.cern.ch/WebMap/assets/CrowdSource/help_us.html"">Get the app</a>
           <br/>
           <br/>
         </div>
        ",R,85.30917367,27.69545089,http://asign.cern.ch/display/file/775947ec3930f2006ea778547f1c8148/preview14225_rotated_90_degrees_cw.jpg,http://asign.cern.ch/display/file/775947ec3930f2006ea778547f1c8148/preview14225_rotated_90_degrees_cw.jpg
Uploaded with ASIGN from AnsuR,"
         <div>
           <a href=""http://asign.cern.ch/display/file/e9e7fca249c3c0f1a63077c6b3ddfcc2/preview_rotated_90_degrees_cw.jpg"" target=""blank""><img src='http://asign.cern.ch/display/file/e9e7fca249c3c0f1a63077c6b3ddfcc2/preview_rotated_90_degrees_cw.jpg' width='200' alt='' /></a>
           <br/>
           <a href=""http://asign.cern.ch/signs/display/2a69f72203be2d49af19a5adbc6387cf"" target=""blank"">View preview and zoomed in areas</a>
           <br/>
           <br/>
           Caption: Uploaded with ASIGN from AnsuR
           <br/>
           <br/>
           From: nishajyoti@hotmail.com
           <br/>
           Date: 27°41?28?N 85°17?16?E
           <br/>
           Location: 2015-05-01 06:31:11
           <br/>
           <br/>
           Did you take this photo? Login to zoom in, tag or share this photo
           <br/>
           <a href=""http://asign.cern.ch/signs/processing/18036"" target=""blank"">Go to ASIGN Online</a>
           <br/>
           <br/>
	   Help us by downloading the App and contributing  photos. 
           <br/>
	   <a href=""https://unosatgis.cern.ch/WebMap/assets/CrowdSource/help_us.html"">Get the app</a>
           <br/>
           <br/>
         </div>
        ",R,85.28794799,27.69114297,http://asign.cern.ch/display/file/e9e7fca249c3c0f1a63077c6b3ddfcc2/preview_rotated_90_degrees_cw.jpg,http://asign.cern.ch/display/file/e9e7fca249c3c0f1a63077c6b3ddfcc2/preview_rotated_90_degrees_cw.jpg
Uploaded with ASIGN from AnsuR,"
         <div>
           <a href=""http://asign.cern.ch/display/file/255806246d5dec8618a4c3b205661f65/preview.jpg"" target=""blank""><img src='http://asign.cern.ch/display/file/255806246d5dec8618a4c3b205661f65/preview.jpg' width='200' alt='' /></a>
           <br/>
           <a href=""http://asign.cern.ch/signs/display/50f23861646c9a44075e62f0be238801"" target=""blank"">View preview and zoomed in areas</a>
           <br/>
           <br/>
           Caption: Uploaded with ASIGN from AnsuR
           <br/>
           <br/>
           From: nishajyoti@hotmail.com
           <br/>
           Date: 27°43?47?N 85°27?53?E
           <br/>
           Location: 2015-05-01 15:36:44
           <br/>
           <br/>
           Did you take this photo? Login to zoom in, tag or share this photo
           <br/>
           <a href=""http://asign.cern.ch/signs/processing/18043"" target=""blank"">Go to ASIGN Online</a>
           <br/>
           <br/>
	   Help us by downloading the App and contributing  photos. 
           <br/>
	   <a href=""https://unosatgis.cern.ch/WebMap/assets/CrowdSource/help_us.html"">Get the app</a>
           <br/>
           <br/>
         </div>
        ",R,85.4647942,27.72975122,http://asign.cern.ch/display/file/255806246d5dec8618a4c3b205661f65/preview.jpg,http://asign.cern.ch/display/file/255806246d5dec8618a4c3b205661f65/preview.jpg
Uploaded with ASIGN from AnsuR,"
         <div>
           <a href=""http://asign.cern.ch/display/file/9a5016e2c65912f6a38a6d682c05d82d/preview.jpg"" target=""blank""><img src='http://asign.cern.ch/display/file/9a5016e2c65912f6a38a6d682c05d82d/preview.jpg' width='200' alt='' /></a>
           <br/>
           <a href=""http://asign.cern.ch/signs/display/28644231071011f9ccd1a362c5a7cab0"" target=""blank"">View preview and zoomed in areas</a>
           <br/>
           <br/>
           Caption: Uploaded with ASIGN from AnsuR
           <br/>
           <br/>
           From: nishajyoti@hotmail.com
           <br/>
           Date: 27°43?45?N 85°27?51?E
           <br/>
           Location: 2015-05-01 15:40:36
           <br/>
           <br/>
           Did you take this photo? Login to zoom in, tag or share this photo
           <br/>
           <a href=""http://asign.cern.ch/signs/processing/18038"" target=""blank"">Go to ASIGN Online</a>
           <br/>
           <br/>
	   Help us by downloading the App and contributing  photos. 
           <br/>
	   <a href=""https://unosatgis.cern.ch/WebMap/assets/CrowdSource/help_us.html"">Get the app</a>
           <br/>
           <br/>
         </div>
        ",R,85.46444033,27.72931834,http://asign.cern.ch/display/file/9a5016e2c65912f6a38a6d682c05d82d/preview.jpg,http://asign.cern.ch/display/file/9a5016e2c65912f6a38a6d682c05d82d/preview.jpg
Uploaded with ASIGN from AnsuR,"
         <div>
           <a href=""http://asign.cern.ch/display/file/6b96fab8ead8eaf2cd5b806dae126013/preview.jpg"" target=""blank""><img src='http://asign.cern.ch/display/file/6b96fab8ead8eaf2cd5b806dae126013/preview.jpg' width='200' alt='' /></a>
           <br/>
           <a href=""http://asign.cern.ch/signs/display/eb9e763922801fbf96dded106466dba5"" target=""blank"">View preview and zoomed in areas</a>
           <br/>
           <br/>
           Caption: Uploaded with ASIGN from AnsuR
           <br/>
           <br/>
           From: nishajyoti@hotmail.com
           <br/>
           Date: 27°41?55?N 85°16?55?E
           <br/>
           Location: 2015-05-01 06:53:54
           <br/>
           <br/>
           Did you take this photo? Login to zoom in, tag or share this photo
           <br/>
           <a href=""http://asign.cern.ch/signs/processing/18035"" target=""blank"">Go to ASIGN Online</a>
           <br/>
           <br/>
	   Help us by downloading the App and contributing  photos. 
           <br/>
	   <a href=""https://unosatgis.cern.ch/WebMap/assets/CrowdSource/help_us.html"">Get the app</a>
           <br/>
           <br/>
         </div>
        ",R,85.28202136,27.69879872,http://asign.cern.ch/display/file/6b96fab8ead8eaf2cd5b806dae126013/preview.jpg,http://asign.cern.ch/display/file/6b96fab8ead8eaf2cd5b806dae126013/preview.jpg
"Bhol Dhoka, Lalitpur","
         <div>
           <a href=""http://asign.cern.ch/display/file/cc123dc1f4a998a0aeb7fc927cfa108a/preview79902_rotated_90_degrees_cw.jpg"" target=""blank""><img src='http://asign.cern.ch/display/file/cc123dc1f4a998a0aeb7fc927cfa108a/preview79902_rotated_90_degrees_cw.jpg' width='200' alt='' /></a>
           <br/>
           <a href=""http://asign.cern.ch/signs/display/1f0ed16eb65f62f9916ce647b5a2c781"" target=""blank"">View preview and zoomed in areas</a>
           <br/>
           <br/>
           Caption: Bhol Dhoka, Lalitpur
           <br/>
           <br/>
           From: surraj@live.com
           <br/>
           Date: 27°40?22?N 85°19?42?E
           <br/>
           Location: 2015-04-30 11:11:33
           <br/>
           <br/>
           Did you take this photo? Login to zoom in, tag or share this photo
           <br/>
           <a href=""http://asign.cern.ch/signs/processing/17898"" target=""blank"">Go to ASIGN Online</a>
           <br/>
           <br/>
	   Help us by downloading the App and contributing  photos. 
           <br/>
	   <a href=""https://unosatgis.cern.ch/WebMap/assets/CrowdSource/help_us.html"">Get the app</a>
           <br/>
           <br/>
         </div>
        ",R,85.32856914,27.67289552,http://asign.cern.ch/display/file/cc123dc1f4a998a0aeb7fc927cfa108a/preview79902_rotated_90_degrees_cw.jpg,http://asign.cern.ch/display/file/cc123dc1f4a998a0aeb7fc927cfa108a/preview79902_rotated_90_degrees_cw.jpg
Sotapila,"
         <div>
           <a href=""http://asign.cern.ch/display/file/ccf09d9cf9c412b86b13884f115b3777/preview8062.jpg"" target=""blank""><img src='http://asign.cern.ch/display/file/ccf09d9cf9c412b86b13884f115b3777/preview8062.jpg' width='200' alt='' /></a>
           <br/>
           <a href=""http://asign.cern.ch/signs/display/1b84eecdd9720a909b000ef5e6fcfdec"" target=""blank"">View preview and zoomed in areas</a>
           <br/>
           <br/>
           Caption: Sotapila
           <br/>
           <br/>
           From: kunwarbikky@gmail.com
           <br/>
           Date: 27°42?44?N 85°16?59?E
           <br/>
           Location: 2015-05-01 04:17:56
           <br/>
           <br/>
           Did you take this photo? Login to zoom in, tag or share this photo
           <br/>
           <a href=""http://asign.cern.ch/signs/processing/17955"" target=""blank"">Go to ASIGN Online</a>
           <br/>
           <br/>
	   Help us by downloading the App and contributing  photos. 
           <br/>
	   <a href=""https://unosatgis.cern.ch/WebMap/assets/CrowdSource/help_us.html"">Get the app</a>
           <br/>
           <br/>
         </div>
        ",R,85.28324819,27.71228653,http://asign.cern.ch/display/file/ccf09d9cf9c412b86b13884f115b3777/preview8062.jpg,http://asign.cern.ch/display/file/ccf09d9cf9c412b86b13884f115b3777/preview8062.jpg
Satngal,"
         <div>
           <a href=""http://asign.cern.ch/display/file/07e3cd73b96e7c6fc871462eac41a0e5/preview28644.jpg"" target=""blank""><img src='http://asign.cern.ch/display/file/07e3cd73b96e7c6fc871462eac41a0e5/preview28644.jpg' width='200' alt='' /></a>
           <br/>
           <a href=""http://asign.cern.ch/signs/display/d70c0e815e57c1a2a9bfc6a50983828e"" target=""blank"">View preview and zoomed in areas</a>
           <br/>
           <br/>
           Caption: Satngal
           <br/>
           <br/>
           From: kunwarbikky@gmail.com
           <br/>
           Date: 27°41?14?N 85°14?43?E
           <br/>
           Location: 2015-05-01 03:58:37
           <br/>
           <br/>
           Did you take this photo? Login to zoom in, tag or share this photo
           <br/>
           <a href=""http://asign.cern.ch/signs/processing/17953"" target=""blank"">Go to ASIGN Online</a>
           <br/>
           <br/>
	   Help us by downloading the App and contributing  photos. 
           <br/>
	   <a href=""https://unosatgis.cern.ch/WebMap/assets/CrowdSource/help_us.html"">Get the app</a>
           <br/>
           <br/>
         </div>
        ",R,85.2453987,27.68737635,http://asign.cern.ch/display/file/07e3cd73b96e7c6fc871462eac41a0e5/preview28644.jpg,http://asign.cern.ch/display/file/07e3cd73b96e7c6fc871462eac41a0e5/preview28644.jpg
Uploaded with ASIGN from AnsuR,"
         <div>
           <a href=""http://asign.cern.ch/display/file/863dace4b48ec9ffbdb5119fb39c9614/preview_rotated_270_degrees_cw.jpg"" target=""blank""><img src='http://asign.cern.ch/display/file/863dace4b48ec9ffbdb5119fb39c9614/preview_rotated_270_degrees_cw.jpg' width='200' alt='' /></a>
           <br/>
           <a href=""http://asign.cern.ch/signs/display/403998170d4957bcc4ab9beaf4dc75c7"" target=""blank"">View preview and zoomed in areas</a>
           <br/>
           <br/>
           Caption: Uploaded with ASIGN from AnsuR
           <br/>
           <br/>
           From: navinkhadka@live.com
           <br/>
           Date: 27°36?19?N 85°19?27?E
           <br/>
           Location: 2015-04-30 15:17:57
           <br/>
           <br/>
           Did you take this photo? Login to zoom in, tag or share this photo
           <br/>
           <a href=""http://asign.cern.ch/signs/processing/17933"" target=""blank"">Go to ASIGN Online</a>
           <br/>
           <br/>
	   Help us by downloading the App and contributing  photos. 
           <br/>
	   <a href=""https://unosatgis.cern.ch/WebMap/assets/CrowdSource/help_us.html"">Get the app</a>
           <br/>
           <br/>
         </div>
        ",R,85.32425464,27.6055336,http://asign.cern.ch/display/file/863dace4b48ec9ffbdb5119fb39c9614/preview_rotated_270_degrees_cw.jpg,http://asign.cern.ch/display/file/863dace4b48ec9ffbdb5119fb39c9614/preview_rotated_270_degrees_cw.jpg
FD,"
         <div>
           <a href=""http://asign.cern.ch/display/file/2bfef4bba48249b845a1f76cf27187f9/preview13948_rotated_90_degrees_cw.jpg"" target=""blank""><img src='http://asign.cern.ch/display/file/2bfef4bba48249b845a1f76cf27187f9/preview13948_rotated_90_degrees_cw.jpg' width='200' alt='' /></a>
           <br/>
           <a href=""http://asign.cern.ch/signs/display/18f2722f3ca0c46ee93c09b6219e569d"" target=""blank"">View preview and zoomed in areas</a>
           <br/>
           <br/>
           Caption: FD
           <br/>
           <br/>
           From: sucilrana@gmail.com
           <br/>
           Date: 27°38?21?N 85°19?40?E
           <br/>
           Location: 2015-04-30 11:05:06
           <br/>
           <br/>
           Did you take this photo? Login to zoom in, tag or share this photo
           <br/>
           <a href=""http://asign.cern.ch/signs/processing/17910"" target=""blank"">Go to ASIGN Online</a>
           <br/>
           <br/>
	   Help us by downloading the App and contributing  photos. 
           <br/>
	   <a href=""https://unosatgis.cern.ch/WebMap/assets/CrowdSource/help_us.html"">Get the app</a>
           <br/>
           <br/>
         </div>
        ",R,85.3280265,27.63923091,http://asign.cern.ch/display/file/2bfef4bba48249b845a1f76cf27187f9/preview13948_rotated_90_degrees_cw.jpg,http://asign.cern.ch/display/file/2bfef4bba48249b845a1f76cf27187f9/preview13948_rotated_90_degrees_cw.jpg
Patan Durbar Square,"
         <div>
           <a href=""http://asign.cern.ch/display/file/7955a8e7b264c819d5b5f98ce3a967ea/preview61508.jpg"" target=""blank""><img src='http://asign.cern.ch/display/file/7955a8e7b264c819d5b5f98ce3a967ea/preview61508.jpg' width='200' alt='' /></a>
           <br/>
           <a href=""http://asign.cern.ch/signs/display/46ad15b137c4a2efb5697d29d9325cae"" target=""blank"">View preview and zoomed in areas</a>
           <br/>
           <br/>
           Caption: Patan Durbar Square
           <br/>
           <br/>
           From: surraj@live.com
           <br/>
           Date: 27°40?25?N 85°19?31?E
           <br/>
           Location: 2015-04-30 10:48:03
           <br/>
           <br/>
           Did you take this photo? Login to zoom in, tag or share this photo
           <br/>
           <a href=""http://asign.cern.ch/signs/processing/17899"" target=""blank"">Go to ASIGN Online</a>
           <br/>
           <br/>
	   Help us by downloading the App and contributing  photos. 
           <br/>
	   <a href=""https://unosatgis.cern.ch/WebMap/assets/CrowdSource/help_us.html"">Get the app</a>
           <br/>
           <br/>
         </div>
        ",R,85.32534538,27.67385177,http://asign.cern.ch/display/file/7955a8e7b264c819d5b5f98ce3a967ea/preview61508.jpg,http://asign.cern.ch/display/file/7955a8e7b264c819d5b5f98ce3a967ea/preview61508.jpg
